Login;Email;"Mot de passe"
marthe22;isaac.pages@live.com;"G|""m%'rFy28n"
vmoreno;fournier.penelope@blanchard.fr;Q}OE92Ev2ftDqai%
ribeiro.michele;edouard.georges@yahoo.fr;Ow4i1jas
rjoseph;guillaume.couturier@yahoo.fr;E[F7k4qPr<}
hmartin;cchauveau@free.fr;:j4Xeq7pOPC|(-
agnes.alexandre;laurent.gregoire@breton.fr;m}5e[8|XmO4`&S)f0d8C
anastasie.rousset;xarnaud@picard.fr;"r#U""=AbgD[v|%vrgLF-Q"
victoire.martineau;vmorel@orange.fr;vP+[`8
jerome.martins;kgosselin@tiscali.fr;"Hnxp/@\Sw6h"
hortense.imbert;mrobin@noos.fr;FA]2M4,P}z5a
henriette.martinez;amichel@masson.org;[q~v>_vKgF*HwJo
tsauvage;guyon.noel@tiscali.fr;">B/]l,1x""EBcm69"
lucy15;agathe11@hotmail.fr;:z5j)SSUJ
gimenez.ines;friviere@bourdon.net;Xo~$-PSIQ
mmahe;robin.aurore@guyot.fr;"$O'ufhl_;$Q8L$"
dlemaire;eugene33@live.com;x]e!&Mzt#<znBKk
lebon.patrick;andre.gilles@tiscali.fr;"""Auku1uX1"
guichard.franck;isaac.robin@club-internet.fr;u-:@=Ky){Ob$qO:~/n%f
claudine.barbier;nathalie13@dumont.fr;$1Z+!G[.4z
ledoux.marcel;pierre82@bouygtel.fr;"h5nch;.wW""u"
maurice.duval;fremy@noos.fr;[l0<_(yU%p[cd.~-`yS
bertrand.maurice;philippine40@nicolas.fr;"jy}/^;SA1'"
carlier.leon;adeoliveira@bertrand.com;Cg_6|E{oxi29E@
rcordier;rgros@free.fr;"%:BSqu$u**f\%^Yy"
jacques79;martin75@bodin.com;49_A7QXn1$bQ{TIoEl
cmaillard;vbesson@voila.fr;:uQkup[MD0$>o`O@?H!
neveu.maurice;bertin.patrick@millet.net;4,At]>AqLMwZ
yperret;patrick.francois@hotmail.fr;Ez0a/D
vleveque;tcoste@hotmail.fr;0N*W'`MyeGuD]C3PyN@6
abrun;fbonnin@gmail.com;!,prP/6
sauvage.thomas;emile45@loiseau.net;24-T1`G^]
josette.fleury;etienne.picard@techer.net;w9ZYmqyfF_OB0!`N.@dL
alix.leclercq;hbourdon@jacques.fr;*Bz604v^&1{$sqNu
gerard.hamel;guillon.agnes@voila.fr;Z!V$K8U5#ZpK
andre29;adescamps@raynaud.fr;aa(!%36kg2m)rde/AqFi
pierre36;cguillet@free.fr;6@CbI5
eric96;thibaut12@tiscali.fr;"/a}:\le){WvLvY@_TI"""
francois49;ocourtois@live.com;"kw:""1.p'\U"
zacharie.gaillard;ugirard@free.fr;8qEUTe
emile69;duhamel.jacques@antoine.com;rY=*ZjyOoRFC$'L=Cin
zjulien;texier.martin@marchand.fr;5imP}`vt/LN
laurent.dominique;perrot.roland@lagarde.fr;"[Tfsk""uD"
hardy.patrick;raymond.cordier@antoine.com;,NRkt#SRKjWI6
stephane.lefebvre;arthur.sauvage@tessier.fr;5JsH{Eqv0EqSD^-i+?|
oceane.laroche;thierry.martel@rey.com;"{R|RTbW\Vk=[k229S.S"
zgillet;etienne45@lacroix.com;"aViG+|T^Bo4'W32D\Sem"
aime81;amelie38@orange.fr;"33j+l%&f:`;9_#"
qmartins;vpottier@sfr.fr;S}PBmTNSb2hxZEukp
gerard.edouard;adelaide14@sfr.fr;xW,PWQ0+
mpayet;tmerle@club-internet.fr;"E$;(5:UH3"
